time,flux,flux_err
-1.371160905,1.000307752,0.000407897
-1.369772017,1.000345022,0.000476537
-1.368383128,1.000269386,0.000546401
-1.366994239,0.999566599,0.000504215
-1.36560535,0.999352159,0.000299041
-1.364216461,1.000080432,0.000382085
-1.362827572,1.00043806,0.00034736
-1.361438683,1.000018635,0.00036963
-1.360049794,1.000289939,0.000339722
-1.358660905,0.999937244,0.000307484
-1.357272017,0.999712802,0.000305549
-1.355883128,1.000032748,0.000552459
-1.354494239,0.999639426,0.000292585
-1.35310535,0.999840095,0.000647173
-1.351716461,0.999464586,0.000576387
-1.350327572,0.999996986,0.000438057
-1.348938683,1.000094408,0.000321515
-1.347549794,1.000404078,0.000472927
-1.346160905,0.99950165,0.000535286
-1.344772017,1.000510956,0.000569842
-1.343383128,1.000521506,0.000500621
-1.341994239,0.999862909,0.000472083
-1.34060535,0.999088254,0.000414281
-1.339216461,0.999747948,0.000356695
-1.337827572,0.999883394,0.000456813
-1.336438683,0.999895863,0.000497003
-1.335049794,1.000498898,0.0004093
-1.333660905,0.999617092,0.000630686
-1.332272017,1.000550418,0.000321389
-1.330883128,1.000421754,0.0005199
-1.329494239,0.999130046,0.000529698
-1.32810535,1.000443541,0.0004788
-1.326716461,1.000158809,0.000454137
-1.325327572,1.000114414,0.000540316
-1.323938683,1.000082487,0.00041401
-1.322549794,1.000985738,0.000514451
-1.321160905,1.000304326,0.00052297
-1.319772017,1.000130034,0.000552555
-1.318383128,0.999937997,0.000537788
-1.316994239,1.000408737,0.000655369
-1.31560535,0.999747879,0.000359989
-1.314216461,1.000585633,0.000570303
-1.312827572,1.000081254,0.000331162
-1.311438683,1.000150724,0.000631961
-1.310049794,0.999568517,0.000639273
-1.308660905,1.000061797,0.00044187
-1.307272017,1.000033022,0.000487051
-1.305883128,1.000992178,0.000403913
-1.304494239,1.000619888,0.000499238
-1.30310535,1.000432442,0.000417629
-1.301716461,0.999848453,0.000553575
-1.300327572,0.999841328,0.000552569
-1.298938683,0.999659705,0.00031144
-1.297549794,1.000742934,0.000497444
-1.296160905,1.001008757,0.000597572
-1.294772017,0.999706156,0.00040617
-1.293383128,1.000245818,0.000508364
-1.291994239,1.000016991,0.000435039
-1.29060535,1.000008769,0.000444725
-1.289216461,0.999561118,0.000503729
-1.287827572,1.000811719,0.000639332
-1.286438683,1.000260616,0.000399987
-1.285049794,1.000103315,0.000566956
-1.283660905,0.999789671,0.000435029
-1.282272017,1.000218824,0.00031025
-1.280883128,1.000452584,0.000412787
-1.279494239,1.000126746,0.000416016
-1.27810535,1.000448063,0.000482136
-1.276716461,1.000314055,0.000455659
-1.275327572,1.001023556,0.000258562
-1.273938683,1.000091531,0.000379305
-1.272549794,1.000247462,0.000480768
-1.271160905,1.001609051,0.00057808
-1.269772017,1.000188543,0.000397183
-1.268383128,1.000275278,0.000587213
-1.266994239,1.000719503,0.000504438
-1.26560535,0.999813924,0.000376649
-1.264216461,1.000091805,0.000585299
-1.262827572,1.000409696,0.000305392
-1.261438683,0.999916965,0.000504588
-1.260049794,1.00044957,0.00062838
-1.258660905,1.000728684,0.000432252
-1.257272017,0.999501308,0.000305547
-1.255883128,0.999774941,0.000301164
-1.254494239,0.998875254,0.000605023
-1.25310535,1.000372837,0.000379175
-1.251716461,1.000035626,0.000428514
-1.250327572,1.000720874,0.000473344
-1.248938683,0.999867363,0.000516948
-1.247549794,0.999554198,0.000635059
-1.246160905,1.000346666,0.000443556
-1.244772017,0.999734794,0.000512571
-1.243383128,1.0000322,0.000414126
-1.241994239,1.000355298,0.000499807
-1.24060535,1.000208685,0.000554298
-1.239216461,1.000208548,0.000408284
-1.237827572,0.999206916,0.000483906
-1.236438683,0.999514051,0.000387334
-1.235049794,1.000518492,0.000518005
-1.233660905,0.999679163,0.000419445
-1.232272017,0.99920486,0.000509447
-1.230883128,1.000761432,0.000308015
-1.229494239,0.999688206,0.00042016
-1.22810535,1.000090298,0.000359869
-1.226716461,1.000369138,0.000479568
-1.225327572,1.000551377,0.000536289
-1.223938683,0.999678066,0.000488473
-1.222549794,0.999888875,0.00038746
-1.221160905,1.00068881,0.000669534
-1.219772017,0.999998356,0.00038606
-1.218383128,1.000070018,0.000429865
-1.216994239,1.000212384,0.000437329
-1.21560535,0.99984126,0.000529489
-1.214216461,0.999811115,0.000491046
-1.212827572,0.999978076,0.000484991
-1.211438683,1.000173333,0.000554742
-1.210049794,1.000376948,0.000416819
-1.208660905,1.000877079,0.000531545
-1.207272017,0.999264328,0.00033882
-1.205883128,1.000287884,0.000485598
-1.204494239,1.00043806,0.000516967
-1.20310535,1.000311999,0.000630985
-1.201716461,0.999335168,0.000508967
-1.200327572,1.000398049,0.000507762
-1.198938683,1.00012469,0.000343796
-1.197549794,1.000080021,0.00027413
-1.196160905,0.99974233,0.000550403
-1.194772017,0.999407859,0.00070417
-1.193383128,0.999985407,0.000433615
-1.191994239,1.00003357,0.000645926
-1.19060535,0.999998493,0.00042037
-1.189216461,1.000214988,0.000390164
-1.187827572,1.000190324,0.000505039
-1.186438683,0.999883463,0.000501575
-1.185049794,0.999713007,0.000352198
-1.183660905,1.000066045,0.000455771
-1.182272017,1.000042066,0.000501698
-1.180883128,0.999637645,0.000253198
-1.179494239,1.000821859,0.000492889
-1.17810535,0.999390114,0.000571326
-1.176716461,0.999061535,0.000321418
-1.175327572,0.999424438,0.00033613
-1.173938683,1.00068333,0.00037106
-1.172549794,1.001087956,0.000311349
-1.171160905,1.00032488,0.000486717
-1.169772017,0.999821734,0.000353705
-1.168383128,1.000755129,0.000470942
-1.166994239,1.000496705,0.000617357
-1.16560535,0.999979721,0.000532262
-1.164216461,1.000600294,0.000466417
-1.162827572,1.000451488,0.000593903
-1.161438683,0.999854756,0.000434256
-1.160049794,1.000226224,0.000349559
-1.158660905,0.999777545,0.000480193
-1.157272017,1.000120854,0.000394508
-1.155883128,0.998982542,0.000702395
-1.154494239,1.000144147,0.000728831
-1.15310535,1.000291035,0.000442596
-1.151716461,0.999649977,0.000560126
-1.150327572,1.000391746,0.000197302
-1.148938683,0.999325782,0.000282707
-1.147549794,0.999480686,0.000497518
-1.146160905,1.000374345,0.000651233
-1.144772017,0.999787684,0.000457515
-1.143383128,1.000575904,0.000328142
-1.141994239,0.999878187,0.000496708
-1.14060535,0.99954536,0.000528717
-1.139216461,1.000383936,0.00034564
-1.137827572,0.999846467,0.00042066
-1.136438683,1.000282677,0.000389065
-1.135049794,0.999148544,0.000364943
-1.133660905,0.999308723,0.00056032
-1.132272017,1.000213344,0.000519216
-1.130883128,1.000455462,0.000402604
-1.129494239,0.999864417,0.000520227
-1.12810535,1.00079007,0.000451065
-1.126716461,1.000393117,0.000584242
-1.125327572,0.999693824,0.000592578
-1.123938683,1.000622081,0.000477686
-1.122549794,0.999801866,0.000424698
-1.121160905,0.999440127,0.00043219
-1.119772017,0.999498773,0.000505379
-1.118383128,1.0003801,0.000326865
-1.116994239,0.999496512,0.000312145
-1.11560535,1.0002724,0.000451174
-1.114216461,1.000339541,0.00042044
-1.112827572,0.999610583,0.00030273
-1.111438683,1.000656199,0.000339996
-1.110049794,1.000083995,0.000361898
-1.108660905,0.999840095,0.000323726
-1.107272017,1.000308985,0.000395941
-1.105883128,0.999966704,0.000570051
-1.104494239,1.000451762,0.000345228
-1.10310535,0.999747879,0.000362785
-1.101716461,0.999097092,0.000552655
-1.100327572,0.999302557,0.000504022
-1.098938683,0.999708417,0.000642511
-1.097549794,1.000605912,0.0004326
-1.096160905,0.999597292,0.000398184
-1.094772017,0.999723421,0.000501649
-1.093383128,0.999661144,0.00049371
-1.091994239,1.000163879,0.000426059
-1.09060535,1.000588647,0.000461666
-1.089216461,1.000777464,0.000460835
-1.087827572,1.00126403,0.000418174
-1.086438683,0.999405461,0.000520169
-1.085049794,1.000317754,0.00053584
-1.083660905,1.000006851,0.000626749
-1.082272017,0.999747126,0.000320287
-1.080883128,1.000436964,0.000436315
-1.079494239,0.999581329,0.000392247
-1.07810535,1.000528632,0.000439944
-1.076716461,0.99893061,0.000603224
-1.075327572,0.999570641,0.000453634
-1.073938683,0.999338388,0.000505033
-1.072549794,0.99970369,0.000737093
-1.071160905,1.000313918,0.000386276
-1.069772017,0.999633466,0.000729536
-1.068383128,0.999402515,0.000469879
-1.066994239,1.000118113,0.000373441
-1.06560535,1.000319262,0.000714357
-1.064216461,1.000358724,0.000390685
-1.062827572,1.000133871,0.000456098
-1.061438683,0.999950946,0.000388775
-1.060049794,1.000142366,0.000631131
-1.058660905,1.000807746,0.000833991
-1.057272017,1.000087831,0.000351569
-1.055883128,1.000152095,0.000290475
-1.054494239,1.001303766,0.000537735
-1.05310535,1.001108783,0.000438145
-1.051716461,1.000191009,0.000358894
-1.050327572,0.999942314,0.000451872
-1.048938683,1.000951208,0.000365599
-1.047549794,0.999658952,0.000376966
-1.046160905,0.999764938,0.000500215
-1.044772017,1.000180869,0.00038914
-1.043383128,1.000022061,0.000438393
-1.041994239,0.998889093,0.000514516
-1.04060535,1.000828984,0.000389133
-1.039216461,1.000029049,0.00038972
-1.037827572,0.999652649,0.000319434
-1.036438683,1.00114208,0.000499274
-1.035049794,1.001077953,0.000457911
-1.033660905,1.000093723,0.000460025
-1.032272017,0.999969787,0.000637264
-1.030883128,1.001028214,0.000391528
-1.029494239,0.99941608,0.00045292
-1.02810535,1.000071115,0.000402936
-1.026716461,1.000736494,0.000551187
-1.025327572,1.001054249,0.000362754
-1.023938683,1.000533838,0.000550451
-1.022549794,1.000465738,0.000550223
-1.021160905,0.999955057,0.000441344
-1.019772017,0.99952789,0.00039567
-1.018383128,0.999886957,0.000523251
-1.016994239,1.000342144,0.000743833
-1.01560535,0.999494388,0.000406463
-1.014216461,1.000674286,0.000491828
-1.012827572,0.999793165,0.000344191
-1.011438683,1.000301997,0.000575549
-1.010049794,1.000204163,0.000414366
-1.008660905,1.000196764,0.000547995
-1.007272017,0.999983968,0.000395265
-1.005883128,0.999850235,0.000410147
-1.004494239,1.000125512,0.000519357
-1.00310535,0.999745207,0.000459704
-1.001716461,0.99984722,0.000644184
-1.000327572,0.999952179,0.000278592
-0.998938683,1.000203752,0.000399777
-0.997549794,0.999146215,0.000520494
-0.996160905,1.000126197,0.000542674
-0.994772017,1.000322687,0.000496943
-0.993383128,1.000288843,0.000511301
-0.991994239,0.999777819,0.000438939
-0.99060535,0.999697112,0.000347126
-0.989216461,1.000405449,0.000548519
-0.987827572,1.000894755,0.000658779
-0.986438683,1.000745264,0.000500724
-0.985049794,1.00042148,0.000582986
-0.983660905,0.999805223,0.000524852
-0.982272017,1.000975598,0.000360993
-0.980883128,1.000816926,0.000469247
-0.979494239,0.999744317,0.000417612
-0.97810535,0.999892643,0.000444182
-0.976716461,0.999621545,0.000460543
-0.975327572,1.00053192,0.000373721
-0.973938683,1.000346118,0.000575158
-0.972549794,0.999748016,0.000542115
-0.971160905,0.998683354,0.000344675
-0.969772017,1.000212247,0.000484193
-0.968383128,1.000081117,0.000512327
-0.966994239,1.000027953,0.000532082
-0.96560535,0.999677039,0.000549784
-0.964216461,1.001492171,0.000428587
-0.962827572,0.999749935,0.000416927
-0.961438683,0.999722667,0.000413012
-0.960049794,0.99942115,0.000420328
-0.958660905,0.999371411,0.000362922
-0.957272017,1.000391883,0.000609167
-0.955883128,1.000121402,0.000448992
-0.954494239,0.999057356,0.000278762
-0.95310535,0.999536523,0.00050489
-0.951716461,1.000499446,0.000387906
-0.950327572,1.000432853,0.000372483
-0.948938683,1.000627288,0.000382333
-0.947549794,1.000736494,0.000461317
-0.946160905,0.999235553,0.00056811
-0.944772017,0.999931694,0.00031491
-0.943383128,1.001120019,0.000523739
-0.941994239,1.000356943,0.000523901
-0.94060535,1.000638523,0.000480179
-0.939216461,0.999953481,0.000434142
-0.937827572,0.999846261,0.000509856
-0.936438683,0.999790425,0.000398756
-0.935049794,1.001065621,0.000530639
-0.933660905,1.000093723,0.000370072
-0.932272017,0.999934503,0.000498206
-0.930883128,1.000340089,0.000411908
-0.929494239,0.999907167,0.000342141
-0.92810535,1.000482044,0.000391069
-0.926716461,0.999832216,0.000490792
-0.925327572,0.999946698,0.000482364
-0.923938683,1.000271989,0.000498369
-0.922549794,1.000956689,0.00045579
-0.921160905,1.000674697,0.000508415
-0.919772017,1.000292405,0.00042647
-0.918383128,1.000124279,0.000497396
-0.916994239,1.001311576,0.000624833
-0.91560535,0.999820912,0.000471047
-0.914216461,1.000088927,0.000351798
-0.912827572,1.000297338,0.000481475
-0.911438683,1.000353106,0.000350297
-0.910049794,0.999653265,0.000469203
-0.908660905,0.999842287,0.000334098
-0.907272017,1.000119072,0.00052937
-0.905883128,1.000051383,0.000408354
-0.904494239,0.999547005,0.000509474
-0.90310535,0.999794946,0.000313421
-0.901716461,0.999793097,0.000261974
-0.900327572,1.000205944,0.000431455
-0.898938683,1.000515614,0.000364823
-0.897549794,1.000081528,0.00049226
-0.896160905,0.999744659,0.00046657
-0.894772017,0.99975521,0.000448598
-0.893383128,1.000330497,0.000502956
-0.891994239,0.999784533,0.00033674
-0.89060535,0.999753771,0.000563547
-0.889216461,1.000382155,0.000541361
-0.887827572,0.999406077,0.000370283
-0.886438683,0.999283237,0.000381105
-0.885049794,0.999628738,0.000433693
-0.883660905,1.000890096,0.000424007
-0.882272017,0.99903694,0.000413374
-0.880883128,0.999775763,0.000732646
-0.879494239,1.000428468,0.000379081
-0.87810535,1.000622766,0.00052403
-0.876716461,0.999806456,0.000473042
-0.875327572,0.999712596,0.000469167
-0.873938683,1.000205122,0.000355827
-0.872549794,0.999780353,0.000481522
-0.871160905,0.999931557,0.000380472
-0.869772017,1.000223894,0.000473112
-0.868383128,0.999433071,0.000630548
-0.866994239,0.999129224,0.000438959
-0.86560535,0.999474451,0.000500853
-0.864216461,1.000072896,0.000476038
-0.862827572,0.999716501,0.000282446
-0.861438683,0.999529534,0.000447611
-0.860049794,1.000685248,0.000415941
-0.858660905,1.001051371,0.0003342
-0.857272017,0.999467943,0.000457905
-0.855883128,1.000266919,0.000271958
-0.854494239,1.000379688,0.000406926
-0.85310535,0.999974925,0.000308966
-0.851716461,1.000381333,0.000415987
-0.850327572,1.00091476,0.000425853
-0.848938683,1.000004933,0.000463136
-0.847549794,1.000283362,0.00049554
-0.846160905,0.999944575,0.000413345
-0.844772017,0.999624217,0.000371125
-0.843383128,1.00002713,0.000432375
-0.841994239,1.000943672,0.00037017
-0.84060535,1.000072759,0.000498342
-0.839216461,1.000372563,0.000431007
-0.837827572,1.000022335,0.000271387
-0.836438683,0.999299748,0.000477782
-0.835049794,1.000748963,0.000443724
-0.833660905,0.999593387,0.000577025
-0.832272017,0.99994108,0.000430182
-0.830883128,0.99913909,0.000609454
-0.829494239,0.999265904,0.000435199
-0.82810535,0.999804675,0.000366211
-0.826716461,0.998759059,0.000412524
-0.825327572,1.000102219,0.000397886
-0.823938683,1.000097697,0.000464486
-0.822549794,0.999511721,0.00035139
-0.821160905,0.999725065,0.000463542
-0.819772017,1.000522191,0.000301918
-0.818383128,1.000200463,0.0003368
-0.816994239,1.000405586,0.000409951
-0.81560535,1.000135789,0.000413736
-0.814216461,0.999803853,0.000293323
-0.812827572,1.000028227,0.000487082
-0.811438683,0.9996793,0.000317219
-0.810049794,1.000610982,0.000407551
-0.808660905,0.999840575,0.000210909
-0.807272017,0.999989792,0.000398583
-0.805883128,0.999647922,0.000462894
-0.804494239,1.000045354,0.000348167
-0.80310535,1.000936273,0.000519014
-0.801716461,1.000140448,0.00038813
-0.800327572,1.000011647,0.000528029
-0.798938683,1.001215935,0.000551897
-0.797549794,1.001293489,0.000386495
-0.796160905,1.000269386,0.000496947
-0.794772017,0.999740411,0.000641662
-0.793383128,1.000054124,0.000469081
-0.791994239,0.998943628,0.000680181
-0.79060535,1.000577,0.00047269
-0.789216461,0.999615105,0.000428665
-0.787827572,0.999897713,0.000379267
-0.786438683,0.99907695,0.000471682
-0.785049794,0.999106478,0.000644291
-0.783660905,1.000251847,0.000605846
-0.782272017,1.000237322,0.000312806
-0.780883128,0.99955276,0.000560434
-0.779494239,1.000387225,0.000470453
-0.77810535,0.999457872,0.000447719
-0.776716461,0.999797892,0.000399499
-0.775327572,1.000140585,0.000463491
-0.773938683,0.999895452,0.000368205
-0.772549794,0.999689028,0.000504829
-0.771160905,1.00052685,0.000371196
-0.769772017,1.000148943,0.000476259
-0.768383128,0.999890245,0.000484342
-0.766994239,1.000319262,0.000468587
-0.76560535,1.000536168,0.000490485
-0.764216461,1.000883656,0.00065844
-0.762827572,0.999645798,0.000401092
-0.761438683,1.000351736,0.000621839
-0.760049794,0.999343869,0.000309469
-0.758660905,0.999562625,0.000553794
-0.757272017,0.999161561,0.000392381
-0.755883128,1.001123582,0.000480003
-0.754494239,0.999936833,0.000346283
-0.75310535,0.999952727,0.000468105
-0.751716461,0.999809676,0.000346056
-0.750327572,0.999944163,0.000376177
-0.748938683,1.000750882,0.000516559
-0.747549794,0.999627163,0.000528636
-0.746160905,1.000162508,0.000595452
-0.744772017,0.999963141,0.000456372
-0.743383128,1.000161823,0.000457863
-0.741994239,1.000120717,0.000456749
-0.74060535,0.999692454,0.000483679
-0.739216461,1.00023513,0.00051033
-0.737827572,0.999610926,0.000625332
-0.736438683,0.999686151,0.000386067
-0.735049794,0.999998287,0.000425144
-0.733660905,0.999331469,0.000524219
-0.732272017,0.999805634,0.000459434
-0.730883128,0.999739795,0.000437773
-0.729494239,1.000529043,0.000385352
-0.72810535,0.999632575,0.000517914
-0.726716461,0.999493086,0.000360758
-0.725327572,0.999495964,0.000558984
-0.723938683,0.999974103,0.000373636
-0.722549794,0.999763294,0.000509055
-0.721160905,0.999749386,0.000560599
-0.719772017,0.999834614,0.000496579
-0.718383128,0.998958563,0.000512799
-0.716994239,1.000698539,0.000595085
-0.71560535,1.000225676,0.000416544
-0.714216461,1.000270756,0.000338664
-0.712827572,1.000133734,0.000428805
-0.711438683,1.000359272,0.000416826
-0.710049794,1.000071663,0.000565151
-0.708660905,1.000506708,0.00043672
-0.707272017,0.999978076,0.000524589
-0.705883128,1.000318165,0.000516183
-0.704494239,1.000477385,0.000343992
-0.70310535,0.99988819,0.000506434
-0.701716461,0.999950946,0.000568244
-0.700327572,1.000486429,0.000484412
-0.698938683,1.000431209,0.000378645
-0.697549794,0.999645181,0.000570209
-0.696160905,0.99901577,0.000419071
-0.694772017,1.000157027,0.00051959
-0.693383128,1.000246777,0.000482378
-0.691994239,1.000333786,0.0004364
-0.69060535,0.999984585,0.00043175
-0.689216461,0.999406694,0.000659549
-0.687827572,0.999708417,0.000391439
-0.686438683,0.999763226,0.000462296
-0.685049794,0.999854482,0.000333053
-0.683660905,0.999957112,0.000631425
-0.682272017,0.99997376,0.000587774
-0.680883128,0.998812429,0.000537682
-0.679494239,0.999489935,0.000541561
-0.67810535,0.999981091,0.000499462
-0.676716461,1.000339678,0.000406064
-0.675327572,0.999523916,0.000562818
-0.673938683,0.999506994,0.000738501
-0.672549794,1.000005344,0.000578214
-0.671160905,1.000019594,0.000548303
-0.669772017,0.999946698,0.000386456
-0.668383128,0.999959373,0.00040653
-0.666994239,1.000574534,0.00042114
-0.66560535,0.999556185,0.000347027
-0.664216461,1.000538771,0.000408426
-0.662827572,0.999313724,0.000616307
-0.661438683,0.999536591,0.000556035
-0.660049794,1.000005755,0.000603683
-0.658660905,1.000005892,0.000461126
-0.657272017,0.999989381,0.000515213
-0.655883128,1.000475193,0.000408403
-0.654494239,0.999997054,0.00055627
-0.65310535,1.000162508,0.00048745
-0.651716461,0.998790505,0.000444328
-0.650327572,1.000396405,0.000624056
-0.648938683,1.000380922,0.000503555
-0.647549794,0.999649086,0.000619048
-0.646160905,1.000021101,0.000330555
-0.644772017,1.000804868,0.000413307
-0.643383128,0.999967115,0.000485771
-0.641994239,0.999693002,0.000456051
-0.64060535,1.000758007,0.000686115
-0.639216461,1.00049602,0.00059784
-0.637827572,1.000553021,0.000475447
-0.636438683,0.999238636,0.000561156
-0.635049794,0.999962593,0.000542782
-0.633660905,1.000835561,0.00047339
-0.632272017,1.00089037,0.000456074
-0.630883128,1.000461765,0.000281481
-0.629494239,0.99963648,0.000562067
-0.62810535,1.001028214,0.000461512
-0.626716461,0.999877913,0.000348967
-0.625327572,0.999765144,0.000593843
-0.623938683,0.999727531,0.000860744
-0.622549794,1.000284458,0.00054423
-0.621160905,0.999851399,0.000685646
-0.619772017,0.999786245,0.000438566
-0.618383128,1.000341733,0.000596595
-0.616994239,1.0005089,0.000415753
-0.61560535,0.99979618,0.000488518
-0.614216461,1.00054987,0.00063171
-0.612827572,0.999996026,0.000416512
-0.611438683,1.00085447,0.000539925
-0.610049794,1.000442719,0.000654347
-0.608660905,0.999722393,0.000589294
-0.607272017,0.999853249,0.000322379
-0.605883128,0.999916828,0.000427346
-0.604494239,1.000846797,0.000388508
-0.60310535,1.000551514,0.000471766
-0.601716461,1.000256643,0.000429394
-0.600327572,1.000599472,0.000430634
-0.598938683,1.000404626,0.000264615
-0.597549794,1.00075143,0.000395849
-0.596160905,0.999669091,0.000517691
-0.594772017,0.999398541,0.000612746
-0.593383128,0.999827626,0.000528027
-0.591994239,0.999780011,0.000598647
-0.59060535,1.000848441,0.000468872
-0.589216461,0.999215959,0.000785117
-0.587827572,1.000154013,0.000449614
-0.586438683,1.000017402,0.000416763
-0.585049794,1.000803087,0.000326365
-0.583660905,1.000372837,0.000340114
-0.582272017,1.000206218,0.000492529
-0.580883128,1.000130308,0.000333075
-0.579494239,1.00045094,0.000439793
-0.57810535,0.99995581,0.000469397
-0.576716461,1.000295009,0.00036712
-0.575327572,1.00074129,0.000651278
-0.573938683,0.999783848,0.000195944
-0.572549794,1.001135914,0.000490783
-0.571160905,1.000361327,0.00053838
-0.569772017,0.999743769,0.000577121
-0.568383128,1.000672505,0.000558764
-0.566994239,1.000165523,0.000406814
-0.56560535,1.000293776,0.000410822
-0.564216461,0.999879763,0.000372447
-0.562827572,0.999913539,0.000456035
-0.561438683,0.999276523,0.000434843
-0.560049794,0.999714377,0.000587654
-0.558660905,1.000274729,0.00050996
-0.557272017,1.000078103,0.000489732
-0.555883128,1.001218812,0.000532899
-0.554494239,1.000932299,0.000427548
-0.55310535,1.000289117,0.000498592
-0.551716461,1.000261164,0.000344382
-0.550327572,0.99957023,0.000410597
-0.548938683,1.000182239,0.000809923
-0.547549794,1.000964362,0.000486655
-0.546160905,1.00029172,0.000346821
-0.544772017,1.000432579,0.000387066
-0.543383128,1.000117565,0.00063684
-0.541994239,1.000794866,0.000258669
-0.54060535,1.000198682,0.000364673
-0.539216461,1.000360779,0.000313851
-0.537827572,1.000753759,0.00050779
-0.536438683,1.00007961,0.000468132
-0.535049794,0.999076539,0.000701525
-0.533660905,0.999292143,0.00070035
-0.532272017,1.000994781,0.000534899
-0.530883128,0.99955872,0.00040985
-0.529494239,1.000559325,0.000594639
-0.52810535,1.000289802,0.000319359
-0.526716461,1.000563709,0.000253573
-0.525327572,1.000093175,0.00033383
-0.523938683,0.999878324,0.00049831
-0.522549794,1.000540278,0.000340974
-0.521160905,1.000116743,0.000392336
-0.519772017,0.999849139,0.000606138
-0.518383128,1.00015689,0.000440842
-0.516994239,0.999884216,0.000522234
-0.51560535,1.00038421,0.000696895
-0.514216461,1.000814049,0.000550115
-0.512827572,1.000596458,0.000516757
-0.511438683,0.999979447,0.00047069
-0.510049794,1.00032625,0.000616899
-0.508660905,1.000087283,0.000423583
-0.507272017,0.999928337,0.000447247
-0.505883128,0.999655115,0.000458405
-0.504494239,1.001084256,0.000332685
-0.50310535,1.000013702,0.000322306
-0.501716461,1.00005385,0.000521793
-0.500327572,1.000332553,0.00034209
-0.498938683,1.000356532,0.000701697
-0.497549794,0.999824475,0.000683405
-0.496160905,1.000347762,0.000275539
-0.494772017,1.000009729,0.000395554
-0.493383128,0.999517065,0.000467759
-0.491994239,1.000609475,0.000538604
-0.49060535,0.999451911,0.000370663
-0.489216461,1.000040422,0.000336026
-0.487827572,0.999721708,0.000327438
-0.486438683,1.000023979,0.000493182
-0.485049794,1.000570834,0.000652593
-0.483660905,1.000033981,0.000291286
-0.482272017,0.999557487,0.000488147
-0.480883128,1.000715667,0.000559565
-0.479494239,1.00043943,0.00055983
-0.47810535,1.000650992,0.000528361
-0.476716461,1.000865569,0.000348692
-0.475327572,0.999707184,0.000450163
-0.473938683,1.00026966,0.000280907
-0.472549794,1.000042751,0.000500455
-0.471160905,1.000611804,0.000438196
-0.469772017,1.001924339,0.000535089
-0.468383128,0.999315506,0.000364684
-0.466994239,1.000546718,0.000660208
-0.46560535,0.999927378,0.000358771
-0.464216461,1.000272263,0.000462299
-0.462827572,0.999833313,0.000521059
-0.461438683,1.000338171,0.000490842
-0.460049794,1.001062059,0.000545327
-0.458660905,1.000376811,0.000577486
-0.457272017,0.999293788,0.000415769
-0.455883128,1.000288158,0.000413912
-0.454494239,0.999673408,0.000537143
-0.45310535,0.99979844,0.00052852
-0.451716461,0.999252681,0.000469708
-0.450327572,1.000914349,0.000477917
-0.448938683,1.000407778,0.000415604
-0.447549794,1.000207589,0.000424586
-0.446160905,1.000822133,0.00034441
-0.444772017,1.000495198,0.000319507
-0.443383128,0.999996369,0.000316607
-0.441994239,0.9997994,0.000637343
-0.44060535,1.000224168,0.00044127
-0.439216461,0.99982653,0.000688191
-0.437827572,1.000773764,0.000301652
-0.436438683,0.999486715,0.000502044
-0.435049794,1.000135515,0.000597204
-0.433660905,1.000721696,0.000334333
-0.432272017,1.000544663,0.000519845
-0.430883128,1.000969569,0.000607191
-0.429494239,1.001456272,0.00059109
-0.42810535,1.000653048,0.000452356
-0.426716461,1.001031366,0.000335267
-0.425327572,0.999813924,0.000389013
-0.423938683,1.000463409,0.000371139
-0.422549794,0.999979173,0.000302145
-0.421160905,0.999727737,0.000549135
-0.419772017,1.000001781,0.000422102
-0.418383128,1.000356943,0.000521457
-0.416994239,0.999278167,0.000448228
-0.41560535,1.00014264,0.000499908
-0.414216461,1.000767598,0.000434633
-0.412827572,0.99954584,0.000401709
-0.411438683,0.999430056,0.000524384
-0.410049794,0.999743632,0.000527994
-0.408660905,0.999133403,0.000644031
-0.407272017,1.000059057,0.000362378
-0.405883128,0.999749523,0.000402762
-0.404494239,1.000936547,0.000422918
-0.40310535,1.000877627,0.000369702
-0.401716461,0.9993314,0.000463688
-0.400327572,1.001172225,0.0003623
-0.398938683,1.000275141,0.000282618
-0.397549794,0.999909017,0.000650541
-0.396160905,1.000209781,0.000399772
-0.394772017,0.999955125,0.000518568
-0.393383128,1.000742523,0.000503576
-0.391994239,1.000354339,0.000490752
-0.39060535,1.000014935,0.000603275
-0.389216461,0.999868459,0.000477865
-0.387827572,0.999791247,0.000507149
-0.386438683,1.000583851,0.000532621
-0.385049794,1.000055494,0.000352834
-0.383660905,1.000659351,0.000415464
-0.382272017,1.000503968,0.000398789
-0.380883128,0.999846604,0.000332192
-0.379494239,1.000663324,0.000785217
-0.37810535,1.000630439,0.000410963
-0.376716461,1.000629754,0.000506531
-0.375327572,1.000182788,0.00041075
-0.373938683,1.000647156,0.000426201
-0.372549794,0.999822145,0.000728665
-0.371160905,1.000167304,0.000641608
-0.369772017,1.000348036,0.000417538
-0.368383128,0.999438278,0.000532782
-0.366994239,0.999678614,0.000201995
-0.36560535,0.999953344,0.000506358
-0.364216461,1.000029186,0.000628596
-0.362827572,0.999334004,0.000455751
-0.361438683,1.000746086,0.00051472
-0.360049794,1.000491499,0.000332318
-0.358660905,1.000356806,0.000533108
-0.357272017,1.001097685,0.000632941
-0.355883128,1.000523014,0.000376084
-0.354494239,0.999922925,0.000434418
-0.35310535,1.000343378,0.000512959
-0.351716461,1.000559187,0.000410948
-0.350327572,1.00040997,0.000450646
-0.348938683,1.000004111,0.000434966
-0.347549794,1.000493965,0.000600511
-0.346160905,1.000476152,0.000781895
-0.344772017,0.999745344,0.000501316
-0.343383128,1.000918734,0.000527911
-0.341994239,0.999555363,0.0005522
-0.34060535,0.999377234,0.000364751
-0.339216461,1.000290487,0.000352362
-0.337827572,0.999855168,0.000567912
-0.336438683,0.999594757,0.000535778
-0.335049794,0.999930461,0.000582451
-0.333660905,0.999590167,0.000507015
-0.332272017,0.999936833,0.00046164
-0.330883128,1.000367356,0.000470787
-0.329494239,1.000422165,0.000620328
-0.32810535,1.000361602,0.000370974
-0.326716461,1.000529728,0.000315002
-0.325327572,1.0009571,0.000416045
-0.323938683,1.000762391,0.000475485
-0.322549794,1.000206218,0.00040726
-0.321160905,1.000573438,0.000648339
-0.319772017,1.000531783,0.000492996
-0.318383128,1.000644004,0.000427453
-0.316994239,1.001105221,0.000453265
-0.31560535,1.000802676,0.000623073
-0.314216461,1.001459971,0.000542256
-0.312827572,1.000935861,0.000619168
-0.311438683,1.000497528,0.000676204
-0.310049794,1.000291583,0.000493754
-0.308660905,1.000007947,0.000401688
-0.307272017,0.999215274,0.000266494
-0.305883128,1.000022335,0.000466891
-0.304494239,0.999828928,0.000550907
-0.30310535,1.000538223,0.00045908
-0.301716461,1.000276511,0.000376247
-0.300327572,0.999448623,0.000628418
-0.298938683,0.99954584,0.000542083
-0.297549794,0.999507063,0.000527701
-0.296160905,0.999243912,0.000363783
-0.294772017,1.000276922,0.000422952
-0.293383128,1.000377222,0.000389492
-0.291994239,1.000492458,0.000647527
-0.29060535,0.999487126,0.000460548
-0.289216461,1.000178403,0.000692596
-0.287827572,1.0000644,0.000405662
-0.286438683,0.999521998,0.000666785
-0.285049794,1.000250888,0.000548591
-0.283660905,1.000478207,0.000482241
-0.282272017,0.999786588,0.000348727
-0.280883128,1.000918597,0.000392205
-0.279494239,0.999591194,0.000462605
-0.27810535,0.999725065,0.000473688
-0.276716461,1.000551514,0.000617104
-0.275327572,0.999498088,0.000524288
-0.273938683,1.000185391,0.000366062
-0.272549794,0.99941149,0.000415282
-0.271160905,0.99986654,0.000496466
-0.269772017,1.000421343,0.000318462
-0.268383128,0.999682931,0.000593641
-0.266994239,1.000239789,0.000487581
-0.26560535,1.000693606,0.000224209
-0.264216461,1.000188268,0.000409408
-0.262827572,1.000496157,0.000524664
-0.261438683,1.001476962,0.000384999
-0.260049794,1.000454777,0.000410926
-0.258660905,0.999327564,0.000469929
-0.257272017,1.000858444,0.00038764
-0.255883128,1.000038366,0.00046344
-0.254494239,1.000288706,0.000475954
-0.25310535,1.000258972,0.000307214
-0.251716461,1.000236089,0.000634765
-0.250327572,1.000471356,0.000458237
-0.248938683,1.00036859,0.00046891
-0.247549794,1.00009893,0.000565251
-0.246160905,1.000520273,0.000453474
-0.244772017,0.999773023,0.000403051
-0.243383128,0.999959167,0.000531292
-0.241994239,0.999947041,0.000731311
-0.24060535,1.000171963,0.000509975
-0.239216461,1.000296927,0.000377233
-0.237827572,1.000597828,0.000593323
-0.236438683,1.000270208,0.00064659
-0.235049794,1.000120168,0.00046025
-0.233660905,1.000167578,0.000433336
-0.232272017,1.000751978,0.000483377
-0.230883128,1.000472726,0.000395205
-0.229494239,1.000309944,0.000395839
-0.22810535,1.000431072,0.000559349
-0.226716461,1.000261301,0.000444154
-0.225327572,0.999666283,0.000478098
-0.223938683,1.000025623,0.000489233
-0.222549794,1.000609612,0.000489466
-0.221160905,1.001112757,0.000601915
-0.219772017,1.000341048,0.000424005
-0.218383128,1.000278155,0.000527951
-0.216994239,1.000585907,0.000581271
-0.21560535,1.00036489,0.000443574
-0.214216461,1.000117428,0.000351505
-0.212827572,1.00056412,0.000556255
-0.211438683,1.000159357,0.000465596
-0.210049794,0.999688823,0.000379306
-0.208660905,0.999855168,0.00035348
-0.207272017,1.000218002,0.000349674
-0.205883128,1.000096738,0.000472343
-0.204494239,1.000710186,0.000513959
-0.20310535,1.000756636,0.000535594
-0.201716461,0.999808443,0.00041178
-0.200327572,1.000238419,0.000333274
-0.198938683,0.999552417,0.000429547
-0.197549794,1.000914075,0.000343171
-0.196160905,1.000188817,0.000466556
-0.194772017,0.999820295,0.000538648
-0.193383128,1.000285691,0.000443724
-0.191994239,1.000304874,0.000519561
-0.19060535,1.000412574,0.000254257
-0.189216461,0.999889971,0.000427878
-0.187827572,1.000387225,0.000345456
-0.186438683,1.000043847,0.000383245
-0.185049794,1.000542608,0.000318259
-0.183660905,0.999821392,0.00049973
-0.182272017,1.000381607,0.000545476
-0.180883128,0.999602636,0.000429746
-0.179494239,1.000540964,0.000376864
-0.17810535,1.000240474,0.00053274
-0.176716461,1.000550555,0.000485791
-0.175327572,1.000262946,0.000444314
-0.173938683,1.000783219,0.000451705
-0.172549794,0.999159369,0.000548507
-0.171160905,1.00002946,0.000514139
-0.169772017,1.000022609,0.000570981
-0.168383128,1.000384895,0.0004638
-0.166994239,1.000198956,0.00038495
-0.16560535,1.000417918,0.000452851
-0.164216461,1.00056919,0.000404517
-0.162827572,1.000475056,0.000491141
-0.161438683,1.000536442,0.000532895
-0.160049794,1.000199778,0.000352085
-0.158660905,1.000145381,0.000381801
-0.157272017,1.001210591,0.000465476
-0.155883128,1.000418329,0.000283884
-0.154494239,1.001115772,0.000380578
-0.15310535,1.000304052,0.000412041
-0.151716461,1.000165112,0.000488995
-0.150327572,1.000236089,0.00052911
-0.148938683,1.000494513,0.000485271
-0.147549794,1.000205259,0.000586081
-0.146160905,1.001005743,0.000574131
-0.144772017,1.000965184,0.000532579
-0.143383128,1.000464916,0.000528377
-0.141994239,1.000460257,0.000523571
-0.14060535,0.999968896,0.000309899
-0.139216461,1.000089613,0.000409731
-0.137827572,1.000562202,0.000402026
-0.136438683,1.000185117,0.000460053
-0.135049794,1.000175936,0.000372126
-0.133660905,1.000447377,0.000442213
-0.132272017,1.000369823,0.000398933
-0.130883128,0.999929982,0.000507757
-0.129494239,1.000878449,0.000482277
-0.12810535,1.000223346,0.000493365
-0.126716461,1.000613585,0.000435388
-0.125327572,1.000162371,0.000526874
-0.123938683,0.99987161,0.000448289
-0.122549794,0.998901219,0.000417749
-0.121160905,1.000275278,0.000426293
-0.119772017,1.000420247,0.00040966
-0.118383128,0.999883189,0.000339494
-0.116994239,0.999701292,0.000361572
-0.11560535,1.000194434,0.000388129
-0.114216461,0.999554061,0.000539864
-0.112827572,1.000136885,0.00075198
-0.111438683,0.999933681,0.000577173
-0.110049794,1.000301038,0.000503778
-0.108660905,1.00001014,0.000423815
-0.107272017,1.000371467,0.000593622
-0.105883128,1.000257328,0.000491388
-0.104494239,1.000247462,0.000312321
-0.10310535,1.000117428,0.000475225
-0.101716461,0.999526999,0.000551574
-0.100327572,1.000821722,0.000430169
-0.098938683,1.000417918,0.00043498
-0.097549794,1.001086038,0.000535683
-0.096160905,0.999872775,0.000593696
-0.094772017,0.999554335,0.000504957
-0.093383128,1.000185528,0.000381507
-0.091994239,1.000016854,0.000220873
-0.09060535,0.999981982,0.00045631
-0.089216461,1.000477248,0.000530491
-0.087827572,0.999582356,0.000531054
-0.086438683,0.999995204,0.000476243
-0.085049794,0.999911758,0.000539845
-0.083660905,1.000193475,0.000476156
-0.082272017,0.998997477,0.000525996
-0.080883128,1.000413533,0.00026416
-0.079494239,0.999329619,0.000399289
-0.07810535,0.999368944,0.000542956
-0.076716461,1.000100163,0.000546554
-0.075327572,0.999157108,0.000673019
-0.073938683,0.99787321,0.000580229
-0.072549794,0.998762005,0.00057743
-0.071160905,0.997772088,0.000524822
-0.069772017,0.996072054,0.000573214
-0.068383128,0.995721003,0.000514276
-0.066994239,0.995039455,0.000492906
-0.06560535,0.994304331,0.000635808
-0.064216461,0.993421086,0.000457167
-0.062827572,0.993690609,0.000514197
-0.061438683,0.992108619,0.000342038
-0.060049794,0.992442611,0.000501967
-0.058660905,0.991637674,0.000536872
-0.057272017,0.991991328,0.000449663
-0.055883128,0.991394802,0.00023645
-0.054494239,0.991478249,0.000433804
-0.05310535,0.991167414,0.000408107
-0.051716461,0.990805196,0.000534838
-0.050327572,0.991456325,0.000373682
-0.048938683,0.990922487,0.000541354
-0.047549794,0.991022376,0.000474092
-0.046160905,0.990870898,0.000544205
-0.044772017,0.990597059,0.000711648
-0.043383128,0.99022477,0.000404852
-0.041994239,0.990581644,0.000275842
-0.04060535,0.991291076,0.00052077
-0.039216461,0.990430372,0.00038977
-0.037827572,0.990108438,0.000370466
-0.036438683,0.989532465,0.00050929
-0.035049794,0.990420848,0.000487815
-0.033660905,0.990280675,0.000707335
-0.032272017,0.990842877,0.00059676
-0.030883128,0.990256627,0.000368682
-0.029494239,0.989742657,0.000566357
-0.02810535,0.99026615,0.000481727
-0.026716461,0.989964428,0.00039842
-0.025327572,0.989623242,0.000511827
-0.023938683,0.989491427,0.000423743
-0.022549794,0.990044586,0.000523842
-0.021160905,0.990209423,0.000587661
-0.019772017,0.988592836,0.000342286
-0.018383128,0.989522805,0.000326397
-0.016994239,0.989227248,0.000625853
-0.01560535,0.989123865,0.00041557
-0.014216461,0.98987228,0.00047398
-0.012827572,0.989302542,0.000513186
-0.011438683,0.989099681,0.000514332
-0.010049794,0.989506088,0.000463476
-0.008660905,0.989273425,0.000481496
-0.007272017,0.989980802,0.000586653
-0.005883128,0.9897034,0.000475117
-0.004494239,0.989112081,0.000567419
-0.00310535,0.98952027,0.000435578
-0.001716461,0.989016166,0.000487123
-0.000327572,0.988739312,0.000553558
0.001061317,0.988894216,0.000542965
0.002450206,0.989722446,0.000488157
0.003839095,0.989560623,0.000488199
0.005227983,0.989246363,0.000632958
0.006616872,0.989214368,0.000498279
0.008005761,0.989232181,0.000587242
0.00939465,0.989277878,0.000431924
0.010783539,0.989687848,0.000764764
0.012172428,0.989940791,0.00072277
0.013561317,0.989041994,0.000515336
0.014950206,0.98928007,0.000576842
0.016339095,0.989915031,0.000690949
0.017727983,0.989846315,0.000725248
0.019116872,0.989528355,0.000659098
0.020505761,0.990528959,0.000610368
0.02189465,0.989181963,0.000639764
0.023283539,0.989857824,0.000369547
0.024672428,0.989030005,0.000729534
0.026061317,0.989839395,0.000448984
0.027450206,0.989774789,0.000595376
0.028839095,0.989369409,0.000402203
0.030227983,0.989771226,0.000367149
0.031616872,0.98889175,0.000574947
0.033005761,0.989650852,0.000447029
0.03439465,0.989776844,0.000650151
0.035783539,0.988881473,0.000533558
0.037172428,0.990120153,0.000555269
0.038561317,0.989523696,0.000517028
0.039950206,0.990217782,0.000431292
0.041339095,0.989468065,0.000439526
0.042727983,0.98977979,0.00047214
0.044116872,0.989632971,0.000360655
0.045505761,0.990699963,0.000427363
0.04689465,0.989873993,0.000613622
0.048283539,0.989980939,0.000543604
0.049672428,0.990306503,0.000441416
0.051061317,0.99067201,0.000482431
0.052450206,0.990959757,0.000412521
0.053839095,0.990921802,0.000490735
0.055227983,0.991402064,0.000561449
0.056616872,0.99120763,0.000519747
0.058005761,0.991948235,0.000456117
0.05939465,0.991820804,0.000524257
0.060783539,0.99296905,0.000513202
0.062172428,0.99384606,0.000481679
0.063561317,0.993835989,0.000626277
0.064950206,0.995231628,0.000639781
0.066339095,0.994975465,0.000520244
0.067727983,0.996846914,0.000637886
0.069116872,0.997674528,0.000563479
0.070505761,0.997899382,0.000664258
0.07189465,0.998186786,0.000436489
0.073283539,0.999345445,0.000612186
0.074672428,1.000174018,0.000301528
0.076061317,0.999708417,0.000467275
0.077450206,0.999660528,0.000573405
0.078839095,1.000557817,0.00060164
0.080227983,1.000551103,0.000564384
0.081616872,1.000150313,0.000444675
0.083005761,1.000203204,0.000515945
0.08439465,1.000664695,0.00068966
0.085783539,1.000634824,0.000354003
0.087172428,0.999650525,0.000521045
0.088561317,1.00039846,0.000382677
0.089950206,1.000779519,0.00053806
0.091339095,1.001073021,0.000305721
0.092727983,1.001024789,0.00045186
0.094116872,1.000557954,0.000476257
0.095505761,1.000063578,0.000432997
0.09689465,0.999914087,0.000407519
0.098283539,1.00002165,0.000431088
0.099672428,0.999491716,0.000562091
0.101061317,1.00043669,0.000308624
0.102450206,1.000243762,0.000425637
0.103839095,1.000778697,0.000447871
0.105227983,1.000705253,0.000502347
0.106616872,1.000512463,0.000470246
0.108005761,1.000194571,0.000364206
0.10939465,1.00059495,0.00044919
0.110783539,1.000609064,0.000475744
0.112172428,1.000503419,0.000626603
0.113561317,1.001400093,0.000371326
0.114950206,1.000060975,0.000610835
0.116339095,1.000522877,0.000660065
0.117727983,0.999817486,0.000381825
0.119116872,1.000448611,0.000421687
0.120505761,1.000419425,0.000293356
0.12189465,1.000469027,0.000363146
0.123283539,0.99985921,0.000441523
0.124672428,0.999612364,0.000429765
0.126061317,1.00010167,0.000547683
0.127450206,1.001007798,0.000586854
0.128839095,0.999491442,0.000478596
0.130227983,1.000068648,0.000617963
0.131616872,0.999191775,0.000597387
0.133005761,0.999848248,0.000443324
0.13439465,0.999113878,0.000521993
0.135783539,0.999201914,0.000494413
0.137172428,1.000569601,0.000512341
0.138561317,1.000954359,0.000519836
0.139950206,1.000367493,0.000466415
0.141339095,1.001018897,0.00042915
0.142727983,1.000046176,0.000350821
0.144116872,1.001261974,0.000471123
0.145505761,1.000196079,0.000470867
0.14689465,1.000878449,0.000558276
0.148283539,1.000286239,0.000581336
0.149672428,1.000033022,0.000595801
0.151061317,1.000762802,0.000669674
0.152450206,1.000928599,0.000456181
0.153839095,0.999934298,0.00041957
0.155227983,1.000580837,0.000521932
0.156616872,1.000498076,0.000641588
0.158005761,0.999948891,0.000622267
0.15939465,1.001196478,0.000678841
0.160783539,1.000268289,0.000512237
0.162172428,1.000299393,0.000535684
0.163561317,1.000283362,0.000460642
0.164950206,1.000219647,0.000589416
0.166339095,1.00044313,0.000453369
0.167727983,1.000516711,0.000433564
0.169116872,0.999974582,0.000588229
0.170505761,0.999425809,0.000581219
0.17189465,0.999181909,0.000598234
0.173283539,1.00060879,0.000445213
0.174672428,0.999749798,0.000514427
0.176061317,1.000872968,0.000484384
0.177450206,1.001017527,0.000359663
0.178839095,1.000106466,0.00064236
0.180227983,0.999950192,0.000396315
0.181616872,1.000530961,0.000529115
0.183005761,1.000111399,0.000381121
0.18439465,1.000753211,0.000462794
0.185783539,1.000510682,0.000354218
0.187172428,1.000391609,0.000454654
0.188561317,1.000616737,0.000356
0.189950206,1.000247462,0.000438885
0.191339095,1.00028761,0.000405751
0.192727983,1.00013483,0.00040946
0.194116872,1.000148121,0.000592263
0.195505761,1.000357902,0.000423313
0.19689465,1.000045491,0.000319332
0.198283539,1.000610023,0.000454546
0.199672428,1.000887082,0.000473423
0.201061317,0.999824954,0.000660166
0.202450206,1.000480263,0.000541629
0.203839095,1.000003152,0.000568618
0.205227983,1.00078363,0.000592972
0.206616872,0.999726709,0.000467176
0.208005761,1.000622218,0.000575022
0.20939465,1.000239652,0.000363577
0.210783539,1.0005807,0.000640537
0.212172428,1.000062071,0.00040093
0.213561317,1.000372563,0.000449673
0.214950206,1.000441074,0.000436449
0.216339095,1.000399968,0.000497936
0.217727983,1.000834328,0.000523523
0.219116872,1.000900373,0.000449837
0.220505761,1.00029172,0.000431929
0.22189465,0.999789397,0.00058243
0.223283539,1.00120881,0.000584434
0.224672428,1.000617148,0.000449316
0.226061317,1.00086461,0.000418788
0.227450206,1.000883245,0.000517738
0.228839095,0.999617777,0.000305659
0.230227983,1.000643593,0.000294172
0.231616872,1.000949153,0.000420197
0.233005761,1.00029953,0.000349404
0.23439465,1.000240885,0.000482898
0.235783539,1.000187994,0.000442407
0.237172428,1.000780204,0.000648061
0.238561317,1.000188405,0.000510414
0.239950206,1.000191694,0.000229831
0.241339095,1.000786644,0.000572554
0.242727983,0.9994874,0.000435039
0.244116872,1.000188817,0.000567738
0.245505761,1.000087283,0.00038979
0.24689465,1.00077582,0.000435168
0.248283539,1.000118113,0.000400681
0.249672428,0.9999678,0.000534611
0.251061317,1.000469027,0.000359292
0.252450206,1.000582481,0.000577658
0.253839095,0.99895685,0.00050987
0.255227983,1.000925174,0.000579829
0.256616872,1.000337349,0.000428272
0.258005761,1.000070566,0.000465351
0.25939465,0.999550225,0.000438269
0.260783539,1.001163455,0.00057475
0.262172428,1.000458476,0.000443417
0.263561317,0.99929968,0.000661717
0.264950206,1.000218413,0.000390291
0.266339095,1.000127842,0.000368269
0.267727983,1.000834876,0.000564077
0.269116872,1.000614818,0.000462277
0.270505761,1.000171552,0.000404003
0.27189465,1.000106055,0.000482878
0.273283539,1.000349544,0.000477791
0.274672428,1.000102219,0.000493086
0.276061317,1.000921063,0.000351089
0.277450206,1.00008742,0.000507845
0.278839095,1.000221976,0.000570875
0.280227983,1.000739098,0.000480167
0.281616872,0.99954447,0.000559629
0.283005761,0.999682451,0.000430973
0.28439465,1.000747867,0.000502002
0.285783539,1.000956689,0.000477379
0.287172428,1.00056138,0.000401102
0.288561317,1.000021238,0.000266659
0.289950206,1.000266782,0.000485262
0.291339095,0.999741371,0.000802734
0.292727983,0.999077498,0.000444804
0.294116872,1.000033707,0.00056077
0.295505761,1.00133213,0.000506845
0.29689465,1.000619203,0.000635561
0.298283539,1.000466012,0.000546233
0.299672428,0.99952282,0.000407935
0.301061317,1.000940794,0.000559519
0.302450206,1.000099615,0.000468942
0.303839095,1.00000781,0.000484981
0.305227983,0.999572011,0.000361702
0.306616872,1.000379962,0.000483016
0.308005761,1.00024664,0.000369572
0.30939465,1.000982997,0.000394997
0.310783539,0.999863046,0.000595968
0.312172428,1.000281307,0.000381864
0.313561317,1.000266782,0.000491898
0.314950206,1.000159357,0.000451397
0.316339095,1.000393528,0.00050753
0.317727983,0.999824132,0.000416299
0.319116872,1.000990807,0.000430992
0.320505761,1.000021924,0.000435947
0.32189465,0.999929434,0.000422349
0.323283539,1.000122224,0.000411127
0.324672428,1.000321591,0.000572883
0.326061317,1.001106728,0.000583856
0.327450206,1.000696758,0.000520675
0.328839095,0.999627779,0.000509451
0.330227983,1.000318577,0.000476789
0.331616872,0.999910525,0.000416938
0.333005761,1.000758281,0.000296669
0.33439465,1.000826655,0.000376637
0.335783539,1.000707171,0.000440891
0.337172428,0.999770556,0.000409667
0.338561317,0.999845096,0.000449246
0.339950206,1.00043943,0.000350681
0.341339095,1.00068607,0.000403253
0.342727983,1.000301723,0.000443138
0.344116872,1.000244036,0.000360377
0.345505761,1.000639894,0.000307578
0.34689465,1.000178951,0.000486646
0.348283539,0.999509803,0.000402673
0.349672428,1.000711008,0.000550696
0.351061317,0.999923336,0.000538556
0.352450206,1.00014264,0.000538762
0.353839095,1.000019046,0.000393673
0.355227983,0.999869692,0.000476601
0.356616872,1.000090983,0.000500532
0.358005761,1.000633179,0.000347137
0.35939465,1.000156068,0.000443012
0.360783539,1.000461902,0.000547926
0.362172428,1.000392294,0.000432987
0.363561317,1.000338582,0.00046044
0.364950206,1.00055768,0.000555474
0.366339095,1.001080694,0.000593264
0.367727983,0.999773639,0.00038633
0.369116872,1.000160179,0.000526642
0.370505761,0.999795015,0.000418567
0.37189465,1.000006714,0.000376877
0.373283539,1.000267193,0.00028445
0.374672428,1.000661543,0.000521049
0.376061317,1.0002402,0.000478069
0.377450206,0.999610514,0.000427617
0.378839095,0.999936011,0.000407235
0.380227983,0.999888532,0.000387245
0.381616872,1.000484236,0.00053602
0.383005761,1.000031789,0.000532691
0.38439465,0.999740754,0.000539774
0.385783539,1.000647978,0.00036932
0.387172428,1.000447514,0.00069058
0.388561317,1.000711693,0.00038953
0.389950206,1.000790207,0.000366207
0.391339095,1.001088093,0.000420309
0.392727983,1.000433127,0.000337278
0.394116872,1.001327745,0.000459889
0.395505761,1.000542471,0.000532943
0.39689465,0.999589071,0.000441899
0.398283539,1.000992863,0.000519004
0.399672428,1.000695662,0.00039233
0.401061317,1.000620162,0.000486274
0.402450206,1.000022472,0.000566447
0.403839095,1.000656747,0.000493095
0.405227983,1.000338719,0.000323263
0.406616872,0.999439031,0.000532082
0.408005761,1.000303504,0.000364893
0.40939465,1.000862418,0.000238397
0.410783539,1.000966691,0.000485031
0.412172428,1.00029816,0.000439604
0.413561317,1.000217865,0.000572624
0.414950206,1.000045902,0.000583004
0.416339095,1.000470534,0.00038286
0.417727983,0.999824749,0.000465691
0.419116872,1.000377222,0.000298664
0.420505761,1.000163193,0.000469075
0.42189465,1.000156616,0.000450824
0.423283539,0.999892643,0.00031445
0.424672428,0.999899289,0.000338807
0.426061317,0.99990429,0.000450766
0.427450206,0.999778983,0.000535205
0.428839095,0.999591057,0.000386082
0.430227983,0.999672928,0.000355449
0.431616872,0.999367163,0.000337768
0.433005761,1.000432168,0.000425675
0.43439465,0.999910456,0.000570793
0.435783539,1.000023705,0.00049396
0.437172428,0.999979241,0.000480798
0.438561317,1.000694839,0.000443611
0.439950206,1.000476426,0.000631
0.441339095,1.000584811,0.000489964
0.442727983,1.000557406,0.00065548
0.444116872,0.999753977,0.000528195
0.445505761,1.000124827,0.000449143
0.44689465,1.000089887,0.000494807
0.448283539,0.999273714,0.000393451
0.449672428,0.999934298,0.000437931
0.451061317,0.999898809,0.000377461
0.452450206,0.999396486,0.000383971
0.453839095,1.000683604,0.000335526
0.455227983,1.000317206,0.000358432
0.456616872,0.999679437,0.000400866
0.458005761,0.999881476,0.000436051
0.45939465,1.000448885,0.00046904
0.460783539,1.000719777,0.000608549
0.462172428,1.000454366,0.000440781
0.463561317,1.000341322,0.000524846
0.464950206,0.999441224,0.000485902
0.466339095,1.000439704,0.000407769
0.467727983,1.000456969,0.000527811
0.469116872,0.999874693,0.000485549
0.470505761,0.999593455,0.000650691
0.47189465,1.000650718,0.000591648
0.473283539,0.999467532,0.000413987
0.474672428,1.000508763,0.000262664
0.476061317,1.00025815,0.000635311
0.477450206,1.000853374,0.000320046
0.478839095,1.000625643,0.000384268
0.480227983,0.999781929,0.000380631
0.481616872,1.000159768,0.000406194
0.483005761,0.999911347,0.00056492
0.48439465,0.999945534,0.000562249
0.485783539,1.000225813,0.000435566
0.487172428,0.99928632,0.000470265
0.488561317,1.000274592,0.000499766
0.489950206,0.999913128,0.000412865
0.491339095,1.000137159,0.000475235
0.492727983,1.000805142,0.000639227
0.494116872,1.000197586,0.00034431
0.495505761,1.000854744,0.000490899
0.49689465,1.000293227,0.000575699
0.498283539,1.000619614,0.000402076
0.499672428,1.000198408,0.000372626
0.501061317,1.000317206,0.000481602
0.502450206,1.000639482,0.000366376
0.503839095,0.999871131,0.000470033
0.505227983,1.000109481,0.000231998
0.506616872,0.999923747,0.000414339
0.508005761,1.000328168,0.0004273
0.50939465,1.000298708,0.000437548
0.510783539,0.999783299,0.000639834
0.512172428,0.999521793,0.0005311
0.513561317,0.999914361,0.000331611
0.514950206,0.999795631,0.000446099
0.516339095,0.998812429,0.000599636
0.517727983,1.000126608,0.000431362
0.519116872,1.000040285,0.000652486
0.520505761,1.000281169,0.000450774
0.52189465,1.00062167,0.000279013
0.523283539,1.000521917,0.0003043
0.524672428,1.000403667,0.000558025
0.526061317,1.00042655,0.000421252
0.527450206,1.000385032,0.000427203
0.528839095,1.000711008,0.000318195
0.530227983,0.999990888,0.000585875
0.531616872,0.999981639,0.000398924
0.533005761,1.000569464,0.000454707
0.53439465,1.000197175,0.000485578
0.535783539,0.999225482,0.000516574
0.537172428,0.999763979,0.000545469
0.538561317,0.999452322,0.000421119
0.539950206,1.000201697,0.000518736
0.541339095,0.999828859,0.000519844
0.542727983,0.99974966,0.000594251
0.544116872,0.999506035,0.000468403
0.545505761,1.000432853,0.000448793
0.54689465,1.000363931,0.0004844
0.548283539,1.000297338,0.00062824
0.549672428,1.000072759,0.000636502
0.551061317,1.000137296,0.000501381
0.552450206,0.999807073,0.000480275
0.553839095,0.999698551,0.0004219
0.555227983,1.000353106,0.000554162
0.556616872,1.000851319,0.000535204
0.558005761,1.000592895,0.000577506
0.55939465,1.000357628,0.000480703
0.560783539,0.999982324,0.00046127
0.562172428,1.000523973,0.00041149
0.563561317,1.000470534,0.000651481
0.564950206,0.999507748,0.000611666
0.566339095,0.999786245,0.000429956
0.567727983,0.999799263,0.000443582
0.569116872,1.000738687,0.000552356
0.570505761,0.999586125,0.000432794
0.57189465,1.000844879,0.000499282
0.573283539,1.000242255,0.000674765
0.574672428,1.000401064,0.000474163
0.576061317,0.99964662,0.000413494
0.577450206,1.000934217,0.000428592
0.578839095,1.000578508,0.00055652
0.580227983,1.000043436,0.000495888
0.581616872,0.99973774,0.000412243
0.583005761,0.999877708,0.000412209
0.58439465,1.000262809,0.000546721
0.585783539,0.999226852,0.000450137
0.587172428,1.000887904,0.00049146
0.588561317,0.999871062,0.000485
0.589950206,1.000087694,0.000447559
0.591339095,1.000815282,0.000520766
0.592727983,0.999675394,0.00054754
0.594116872,0.999954372,0.00052305
0.595505761,1.000422165,0.000458818
0.59689465,0.999687521,0.000684554
0.598283539,1.000635509,0.000445146
0.599672428,1.000479989,0.000589801
0.601061317,1.000459024,0.000473286
0.602450206,1.000269386,0.000443561
0.603839095,1.000770887,0.000414477
0.605227983,1.000244996,0.000555628
0.606616872,0.99930105,0.000579159
0.608005761,0.999642715,0.000577129
0.60939465,0.999904016,0.000516978
0.610783539,1.0004445,0.000433033
0.612172428,0.999798646,0.000550518
0.613561317,1.000405723,0.000322934
0.614950206,0.999092708,0.000503849
0.616339095,1.000601938,0.000379922
0.617727983,1.000253217,0.000397712
0.619116872,1.000669216,0.000371843
0.620505761,0.999573998,0.000494973
0.62189465,1.000010551,0.000419248
0.623283539,1.0000644,0.000501908
0.624672428,0.999944232,0.000527616
0.626061317,0.999692728,0.000526428
0.627450206,1.000513833,0.000503877
0.628839095,1.000736494,0.000522234
0.630227983,1.000823092,0.000392325
0.631616872,1.000625232,0.000285616
0.633005761,0.999892164,0.000565925
0.63439465,1.000775408,0.000374951
0.635783539,1.000816515,0.000329907
0.637172428,1.000194297,0.000505613
0.638561317,1.000291309,0.000491886
0.639950206,1.000392432,0.000417522
0.641339095,1.000478618,0.000480586
0.642727983,0.999051875,0.000336125
0.644116872,1.000630439,0.000265389
0.645505761,1.000573164,0.000411973
0.64689465,1.00067319,0.000572829
0.648283539,1.000333923,0.000513592
0.649672428,1.000460669,0.000476315
0.651061317,1.001180583,0.000394642
0.652450206,0.999716501,0.000497777
0.653839095,1.001041231,0.000395983
0.655227983,1.000541786,0.000674928
0.656616872,1.000905854,0.000613282
0.658005761,1.000520136,0.0004014
0.65939465,1.000770202,0.000321283
0.660783539,1.000347899,0.000467324
0.662172428,1.000298297,0.000330054
0.663561317,0.999896137,0.000400411
0.664950206,0.999980132,0.000492138
0.666339095,0.999615105,0.000548331
0.667727983,1.000395035,0.000527845
0.669116872,1.000196901,0.000460478
0.670505761,0.99991258,0.00035332
0.67189465,1.000657569,0.000477724
0.673283539,1.000195394,0.000475597
0.674672428,1.000509585,0.000365505
0.676061317,0.99974322,0.000405887
0.677450206,0.999998219,0.000435833
0.678839095,1.000609749,0.000472554
0.680227983,0.999898741,0.000411448
0.681616872,1.000090435,0.000367795
0.683005761,0.999537756,0.000307112
0.68439465,0.999994656,0.000334051
0.685783539,1.000258698,0.000462803
0.687172428,1.000152506,0.000483195
0.688561317,0.999801592,0.000470149
0.689950206,1.000723203,0.00041195
0.691339095,1.000606323,0.000482975
0.692727983,0.999498567,0.000500401
0.694116872,1.000121813,0.000589692
0.695505761,1.000333649,0.000397967
0.69689465,1.001050275,0.000374199
0.698283539,0.999306599,0.00050014
0.699672428,1.00019416,0.000543596
0.701061317,0.999861539,0.000260514
0.702450206,0.999443621,0.000460219
0.703839095,0.999750551,0.000551339
0.705227983,1.000221976,0.000494285
0.706616872,1.000044121,0.000491743
0.708005761,0.99977823,0.000345948
0.70939465,0.999014125,0.000661311
0.710783539,0.999983352,0.000410326
0.712172428,1.000167441,0.000384679
0.713561317,1.000535757,0.000447702
0.714950206,0.999620243,0.00039343
0.716339095,0.999429988,0.000509589
0.717727983,0.99966087,0.000541186
0.719116872,1.000254998,0.000335274
0.720505761,0.99977405,0.000412498
0.72189465,1.000650033,0.000520216
0.723283539,1.00009893,0.000610288
0.724672428,1.000019868,0.000337356
0.726061317,1.000123457,0.000515257
0.727450206,1.000161275,0.00047794
0.728839095,0.999781792,0.000402333
0.730227983,0.999853112,0.00051187
0.731616872,0.999777819,0.000383741
0.733005761,1.000286924,0.000564287
0.73439465,1.000140996,0.000318741
0.735783539,0.999482604,0.000540994
0.737172428,0.999842562,0.000449742
0.738561317,0.999990477,0.000437316
0.739950206,0.999954646,0.000464544
0.741339095,0.999733286,0.000334397
0.742727983,1.000478755,0.000435676
0.744116872,1.000318165,0.000503704
0.745505761,1.00035201,0.000384176
0.74689465,0.999417519,0.00055846
0.748283539,1.000450118,0.000500189
0.749672428,0.999948891,0.000399382
0.751061317,1.000946138,0.000581066
0.752450206,1.000453406,0.000518607
0.753839095,0.999864828,0.000503138
0.755227983,1.000326113,0.000440829
0.756616872,0.999923268,0.000377896
0.758005761,0.999932517,0.000548557
0.75939465,1.000656473,0.000545319
0.760783539,1.000607556,0.000659771
0.762172428,0.99995766,0.000606592
0.763561317,1.000701142,0.000336081
0.764950206,0.999449239,0.000717975
0.766339095,0.999638261,0.000472026
0.767727983,1.000086324,0.000389943
0.769116872,1.00002069,0.000374091
0.770505761,1.000718955,0.000516909
0.77189465,1.000123594,0.000252786
0.773283539,0.999320987,0.000466108
0.774672428,1.000689359,0.000441724
0.776061317,1.000075499,0.000530668
0.777450206,1.000377085,0.000405957
0.778839095,1.000132637,0.000562639
0.780227983,1.001319935,0.000470867
0.781616872,0.999730957,0.000516365
0.783005761,0.999894424,0.000442053
0.78439465,1.000455462,0.000373553
0.785783539,1.000530413,0.000517703
0.787172428,1.001020815,0.000411948
0.788561317,1.000749511,0.00046986
0.789950206,1.000221154,0.000635494
0.791339095,1.001174691,0.000485833
0.792727983,0.999926077,0.000490996
0.794116872,0.999772201,0.000592632
0.795505761,1.00040586,0.00051486
0.79689465,0.999286183,0.000444831
0.798283539,1.000173607,0.000598735
0.799672428,0.999805017,0.000388241
0.801061317,0.999525698,0.000457417
0.802450206,0.999770556,0.000470151
0.803839095,0.999954577,0.000445238
0.805227983,0.999966567,0.000459469
0.806616872,0.999325988,0.000520571
0.808005761,1.000146614,0.000467988
0.80939465,1.00068977,0.000488682
0.810783539,0.999962798,0.000614197
0.812172428,0.999831052,0.000391547
0.813561317,0.99963326,0.000302871
0.814950206,0.999391964,0.000421301
0.816339095,1.001240462,0.000368263
0.817727983,1.00029679,0.000478722
0.819116872,1.000204437,0.000406196
0.820505761,0.999469108,0.000499584
0.82189465,1.000744304,0.000495343
0.823283539,0.999445403,0.000487062
0.824672428,1.000249106,0.000621739
0.826061317,0.999472191,0.000471481
0.827450206,1.000043025,0.000560473
0.828839095,0.999460681,0.00049648
0.830227983,0.999560775,0.000542527
0.831616872,0.999871062,0.000408689
0.833005761,0.999976364,0.00049959
0.83439465,0.999688138,0.000462996
0.835783539,1.000466149,0.000395844
0.837172428,1.000395172,0.000440919
0.838561317,0.999514188,0.000404678
0.839950206,1.000355298,0.000538936
0.841339095,0.999836807,0.000515
0.842727983,0.999166905,0.000362925
0.844116872,0.999353666,0.000300636
0.845505761,1.000121539,0.000357851
0.84689465,0.999907716,0.000495116
0.848283539,1.000365027,0.000394421
0.849672428,1.000023294,0.000359324
0.851061317,0.999690809,0.000372774
0.852450206,0.999534056,0.000556369
0.853839095,0.999304407,0.000552914
0.855227983,0.999863046,0.000394496
0.856616872,0.999267411,0.000408173
0.858005761,0.999818925,0.000458834
0.85939465,0.999406077,0.00046507
0.860783539,0.999586604,0.0005569
0.862172428,0.999971842,0.000601392
0.863561317,0.999970198,0.000513233
0.864950206,1.000393254,0.00031917
0.866339095,1.000146888,0.000529672
0.867727983,0.999346473,0.000459233
0.869116872,0.999405666,0.000339443
0.870505761,1.00028761,0.000409055
0.87189465,0.999547895,0.000534669
0.873283539,1.000231979,0.00046051
0.874672428,1.00004508,0.000636002
0.876061317,0.999608322,0.000361737
0.877450206,0.999717323,0.000297504
0.878839095,0.999894561,0.000493882
0.880227983,1.000143325,0.000349328
0.881616872,1.000336526,0.000515507
0.883005761,0.999286046,0.000276577
0.88439465,0.999950055,0.000411694
0.885783539,0.999800153,0.000473635
0.887172428,0.999319959,0.000420416
0.888561317,0.999229387,0.000482475
0.889950206,0.999425535,0.000547348
0.891339095,0.999622435,0.000456056
0.892727983,0.999476644,0.000392045
0.894116872,1.000352695,0.000594554
0.895505761,0.999743494,0.000411022
0.89689465,1.000192653,0.000442353
0.898283539,1.000391746,0.000446077
0.899672428,0.999810156,0.000476677
0.901061317,0.999873734,0.00044329
0.902450206,0.99956194,0.000393449
0.903839095,0.999288923,0.000487948
0.905227983,0.999798372,0.000332806
0.906616872,1.00076061,0.000503361
0.908005761,0.999989997,0.000674864
0.90939465,1.000315425,0.000392839
0.910783539,0.999671352,0.000460466
0.912172428,0.999794261,0.000371693
0.913561317,1.000158809,0.000448355
0.914950206,1.000160042,0.000471414
0.916339095,1.000625232,0.00038145
0.917727983,0.999855716,0.000424089
0.919116872,0.999740274,0.000380375
0.920505761,0.999977323,0.000567466
0.92189465,1.00131555,0.000469737
0.923283539,0.999680396,0.000592287
0.924672428,0.999892575,0.000597982
0.926061317,1.000975461,0.000360612
0.927450206,0.999377234,0.000485301
0.928839095,0.999197461,0.000805093
0.930227983,0.999173003,0.000540124
0.931616872,0.99974692,0.000397234
0.933005761,0.999889903,0.000439132
0.93439465,0.999568723,0.000556818
0.935783539,1.000550418,0.000465827
0.937172428,0.999720269,0.000543726
0.938561317,0.99956194,0.000304217
0.939950206,1.000210192,0.000441003
0.941339095,1.000424632,0.000544309
0.942727983,0.999203148,0.000408409
0.944116872,0.99996965,0.00045413
0.945505761,1.000247599,0.000695031
0.94689465,0.999890999,0.000546407
0.948283539,0.999734725,0.000464512
0.949672428,0.999921418,0.000370266
0.951061317,0.999681218,0.000487753
0.952450206,0.99900885,0.000441186
0.953839095,1.000472452,0.000462679
0.955227983,1.000155931,0.000587498
0.956616872,0.999281456,0.000502094
0.958005761,0.999440196,0.000367617
0.95939465,1.000230197,0.000380375
0.960783539,0.999892917,0.000468091
0.962172428,1.000152369,0.000485642
0.963561317,1.000302682,0.000512779
0.964950206,0.999936079,0.000432001
0.966339095,0.999945602,0.000466158
0.967727983,1.000319673,0.000461716
0.969116872,1.000332827,0.000531333
0.970505761,1.0000644,0.00035368
0.97189465,0.99996547,0.0004029
0.973283539,0.999594757,0.000491552
0.974672428,0.999949781,0.000360954
0.976061317,1.00061934,0.000579476
0.977450206,0.999282209,0.000309637
0.978839095,0.999404022,0.000317524
0.980227983,0.9997239,0.000529719
0.981616872,0.999735958,0.000473162
0.983005761,0.999486509,0.000344249
0.98439465,1.00024801,0.000507707
0.985783539,0.999638193,0.000412517
0.987172428,1.000565216,0.000438673
0.988561317,1.000313644,0.000432264
0.989950206,0.999405872,0.000364398
0.991339095,1.00052548,0.00055672
0.992727983,0.999195337,0.000506971
0.994116872,0.999350104,0.00050177
0.995505761,1.00008235,0.000389799
0.99689465,1.000168674,0.000611805
0.998283539,0.999513092,0.000425169
0.999672428,0.999569956,0.00047243
1.001061317,1.000718407,0.000413309
1.002450206,0.999924706,0.000591811
1.003839095,0.999930735,0.000473972
1.005227983,0.999684164,0.000309947
1.006616872,0.998996929,0.000507479
1.008005761,1.000465464,0.000412306
1.00939465,0.998995833,0.000520849
1.010783539,1.000359135,0.000348237
1.012172428,0.999796865,0.000411918
1.013561317,1.000586592,0.000469245
1.014950206,0.99938662,0.000677596
1.016339095,0.999954714,0.000397304
1.017727983,1.000156616,0.000206665
1.019116872,1.000145792,0.000385525
1.020505761,0.99954584,0.000678125
1.02189465,1.000347214,0.000594253
1.023283539,1.000300353,0.000445542
1.024672428,1.000260479,0.000486609
1.026061317,0.999568106,0.000433417
1.027450206,1.000034393,0.000616124
1.028839095,0.999378604,0.000477141
1.030227983,0.999251105,0.000482343
1.031616872,0.999387442,0.000494125
1.033005761,0.999936285,0.000424521
1.03439465,0.999624696,0.000442281
1.035783539,0.999492264,0.000444998
1.037172428,0.99983345,0.000555464
1.038561317,0.999618119,0.000675917
1.039950206,0.999373466,0.000429646
1.041339095,0.999432112,0.000566307
1.042727983,0.999877982,0.000494632
1.044116872,0.999366958,0.000515577
1.045505761,1.000095641,0.000410572
1.04689465,0.999915183,0.000495905
1.048283539,0.999408407,0.000433598
1.049672428,0.999532549,0.00062436
1.051061317,0.99959092,0.000497758
1.052450206,1.000131541,0.000531381
1.053839095,0.998262559,0.000412502
1.055227983,0.999251242,0.000506569
1.056616872,0.999629492,0.000445908
1.058005761,0.999678272,0.000458586
1.05939465,0.999389224,0.000466704
1.060783539,0.998737683,0.000267576
1.062172428,1.000734302,0.000592365
1.063561317,0.999855716,0.000489415
1.064950206,0.999550225,0.000508358
1.066339095,1.000611393,0.000551563
1.067727983,0.999819816,0.000502526
1.069116872,1.000193064,0.000411568
1.070505761,1.000617696,0.000541604
1.07189465,0.99937881,0.00054928
1.073283539,1.000187172,0.000345672
1.074672428,0.999557555,0.000424075
1.076061317,1.000652089,0.000438932
1.077450206,1.000153328,0.00063067
1.078839095,1.000013976,0.000561916
1.080227983,1.000360779,0.000415204
1.081616872,1.00026322,0.00041713
1.083005761,1.000228964,0.000383184
1.08439465,0.99892465,0.000401796
1.085783539,1.000692236,0.00042107
1.087172428,1.00001795,0.000464397
1.088561317,0.999742467,0.000387849
1.089950206,1.000017813,0.000486422
1.091339095,0.999895247,0.000463865
1.092727983,0.99974322,0.000543614
1.094116872,1.00021074,0.000565917
1.095505761,1.000827614,0.00045931
1.09689465,0.999665734,0.00046491
1.098283539,1.000198134,0.000423963
1.099672428,0.99977405,0.000518164
1.101061317,1.000697306,0.000448559
1.102450206,1.000122909,0.000494211
1.103839095,1.000417507,0.00046942
1.105227983,1.00010537,0.000467206
1.106616872,0.99985092,0.000511008
1.108005761,1.000435182,0.000539714
1.10939465,1.000467794,0.000371416
1.110783539,0.999587495,0.00055559
1.112172428,1.000596458,0.000296939
1.113561317,1.00017854,0.000482913
1.114950206,1.000198271,0.000572105
1.116339095,1.000250202,0.000457519
1.117727983,0.999781929,0.000659897
1.119116872,0.999922103,0.000551298
1.120505761,0.999666145,0.000369789
1.12189465,1.000236226,0.000379359
1.123283539,1.00070909,0.00027052
1.124672428,0.999758704,0.000476926
1.126061317,0.999130731,0.000531445
1.127450206,0.999925528,0.000379559
1.128839095,0.999576053,0.000371635
1.130227983,1.00046519,0.000368175
1.131616872,1.000794318,0.000412253
1.133005761,1.000733343,0.000596629
1.13439465,1.000503419,0.00045969
1.135783539,1.000785822,0.000447978
1.137172428,1.001024926,0.000630162
1.138561317,1.000087557,0.000409704
1.139950206,1.000570286,0.000500208
1.141339095,1.000785685,0.000568809
1.142727983,1.000133871,0.000491356
1.144116872,1.000800484,0.000396293
1.145505761,1.000710871,0.000420095
1.14689465,1.000076869,0.000447113
1.148283539,1.000247051,0.000578053
1.149672428,0.999527205,0.000637269
1.151061317,0.999988696,0.000510055
1.152450206,1.000402297,0.000542316
1.153839095,0.999942656,0.000448988
1.155227983,1.000649485,0.000437348
1.156616872,1.000399968,0.000484926
1.158005761,1.000671272,0.000388554
1.15939465,0.999374699,0.00050071
1.160783539,0.999972253,0.00061631
1.162172428,1.000019594,0.000514095
1.163561317,0.999756923,0.000484594
1.164950206,1.000790618,0.000553932
1.166339095,1.000509585,0.000571801
1.167727983,1.000209781,0.00054825
1.169116872,1.000341459,0.000518174
1.170505761,1.000112084,0.000472487
1.17189465,1.000434908,0.000488062
1.173283539,1.000528632,0.000504629
1.174672428,0.999740617,0.00042239
1.176061317,1.000128938,0.000417295
1.177450206,0.99979618,0.000604222
1.178839095,1.000041381,0.000418736
1.180227983,1.001310343,0.000469483
1.181616872,1.000074677,0.0004826
1.183005761,1.00012839,0.000394153
1.18439465,1.000147299,0.000389083
1.185783539,0.999807415,0.000395053
1.187172428,1.000666887,0.00061349
1.188561317,0.999939779,0.000641216
1.189950206,1.000473412,0.000720171
1.191339095,1.000266097,0.000506823
1.192727983,0.999947452,0.00043255
1.194116872,1.000380785,0.000341336
1.195505761,1.000518218,0.000479585
1.19689465,0.999989518,0.000462828
1.198283539,1.000092627,0.000378523
1.199672428,1.000125512,0.000430696
1.201061317,0.999477809,0.000487421
1.202450206,1.00017073,0.000478284
1.203839095,1.000116469,0.000565763
1.205227983,0.99984955,0.000460092
1.206616872,1.001021911,0.000373461
1.208005761,0.999555569,0.000630819
1.20939465,0.999835984,0.000497285
1.210783539,0.999534741,0.000476095
1.212172428,1.00001014,0.000641107
1.213561317,1.000512189,0.000340117
1.214950206,0.998863196,0.000526461
1.216339095,1.000452584,0.000645284
1.217727983,1.000552747,0.000486365
1.219116872,1.000824188,0.00047571
1.220505761,1.000451899,0.00062119
1.22189465,0.999547758,0.00051344
1.223283539,1.000661132,0.000419754
1.224672428,0.999612296,0.000403318
1.226061317,1.000878175,0.000346895
1.227450206,1.000366945,0.000394383
1.228839095,0.999807552,0.000299555
1.230227983,0.999801934,0.000297391
1.231616872,1.000001644,0.000396891
1.233005761,1.000696895,0.000445015
1.23439465,1.000000822,0.000453651
1.235783539,0.999689439,0.000526184
1.237172428,0.999924775,0.000287937
1.238561317,0.999697181,0.000375577
1.239950206,1.000210329,0.000455239
1.241339095,0.999161356,0.00047974
1.242727983,0.999964854,0.000511866
1.244116872,0.99989189,0.000587025
1.245505761,0.99990292,0.000587485
1.24689465,0.999692111,0.000513114
1.248283539,0.999896274,0.000618491
1.249672428,0.99994526,0.000356875
1.251061317,1.000238282,0.000365529
1.252450206,1.000193064,0.000517021
1.253839095,1.000807746,0.000382472
1.255227983,0.999794398,0.000450096
1.256616872,1.000110303,0.000469879
1.258005761,0.999824886,0.000469855
1.25939465,1.000044669,0.000486439
1.260783539,1.000074814,0.000457789
1.262172428,0.998625462,0.000348784
1.263561317,0.999479042,0.000375476
1.264950206,0.999923405,0.000429132
1.266339095,0.999854208,0.000450722
1.267727983,1.000676478,0.000428773
1.269116872,0.999594414,0.000511953
1.270505761,0.999338594,0.000512544
1.27189465,1.000567272,0.000531624
1.273283539,0.999948822,0.000483392
1.274672428,1.000006851,0.000334296
1.276061317,1.000418329,0.000536547
1.277450206,0.999935394,0.000625914
1.278839095,1.000667024,0.000483294
1.280227983,0.999476712,0.000616005
1.281616872,0.999073525,0.000418914
1.283005761,0.999543853,0.000435319
1.28439465,1.00099711,0.000578376
1.285783539,0.999843384,0.000458353
1.287172428,1.000597143,0.000506446
1.288561317,1.000315973,0.000240456
1.289950206,1.000405449,0.000283146
1.291339095,1.000606323,0.000325486
1.292727983,1.000727177,0.000374956
1.294116872,1.00000644,0.000422493
1.295505761,1.000362698,0.000331581
1.29689465,0.999602636,0.000454826
1.298283539,1.000068374,0.000539835
1.299672428,0.999859347,0.00044489
1.301061317,0.999607911,0.00028174
1.302450206,0.999557624,0.000476984
1.303839095,0.999096339,0.000376887
1.305227983,0.998999875,0.000623906
1.306616872,1.000148806,0.000534717
1.308005761,1.000302408,0.000290284
1.30939465,0.999663885,0.000455447
1.310783539,1.000102767,0.000411038
1.312172428,0.999430673,0.000605703
1.313561317,0.998929925,0.00049907
1.314950206,1.000540689,0.00039203
1.316339095,0.999235553,0.000437643
1.317727983,1.000430661,0.000590406
1.319116872,1.000901469,0.000403932
1.320505761,0.99978741,0.000360378
1.32189465,1.000902839,0.000298346
1.323283539,1.000277744,0.000389987
1.324672428,1.000056179,0.000369407
1.326061317,1.000373522,0.000490005
1.327450206,0.999911347,0.000380677
1.328839095,0.999597018,0.0004944
1.330227983,0.999224934,0.000436059
1.331616872,0.999706019,0.000513602
1.333005761,0.999476438,0.000229515
1.33439465,1.000394898,0.000419808
1.335783539,1.000595087,0.000347266
1.337172428,0.999632849,0.000465133
1.338561317,1.000057138,0.000380502
1.339950206,0.99964203,0.000447556
1.341339095,0.999270357,0.000445998
1.342727983,0.999834272,0.000452664
1.344116872,0.99993786,0.000496501
1.345505761,1.000483825,0.000496098
1.34689465,0.998920608,0.00039209
1.348283539,1.000656747,0.000687373
1.349672428,1.000070292,0.000461371
1.351061317,1.000417507,0.000290332
1.352450206,0.999755964,0.000355924
1.353839095,1.000146203,0.000554541
1.355227983,0.99946945,0.000438425
1.356616872,1.000090435,0.000451788
1.358005761,0.999520491,0.00048261
1.35939465,1.000208,0.000431972
1.360783539,0.999605308,0.000568872
1.362172428,0.999530973,0.000323868
1.363561317,0.999940327,0.000471143
1.364950206,1.000929695,0.000319643
1.366339095,1.000338034,0.000492907
1.367727983,0.999337977,0.000369643
1.369116872,0.999298035,0.000498807
1.370505761,1.000166482,0.000529091
1.37189465,1.000201697,0.000432658
